City_ID,City,Lat,Lng,Max Temp (F),Humidity,Cloudiness,Wind Speed,Country,Date
0,shakawe,-18.3667,21.85,88.38,38,95,5.93,BW,1704727437
1,sitka,57.0531,-135.33,37.29,87,100,5.75,US,1704727438
2,dudinka,69.4058,86.1778,-13.32,94,100,15.99,RU,1704727874
3,tazovsky,67.4667,78.7,-6.27,98,100,12.8,RU,1704727439
4,vilyuchinsk,52.9306,158.4028,4.93,85,8,7.94,RU,1704727875
5,sorong,-0.8833,131.25,81.59,82,100,11.43,ID,1704727876
6,bethel,41.3712,-73.414,38.35,67,0,6.91,US,1704727876
7,howrah,22.5892,88.3103,66.2,77,0,3.44,IN,1704727877
8,port-aux-francais,-49.35,70.2167,44.94,84,98,28.68,TF,1704727878
9,grytviken,-54.2811,-36.5092,41.43,84,50,8.14,GS,1704727442
10,st. john's,47.5649,-52.7093,27.16,87,100,21.85,CA,1704727375
11,noumea,-22.2763,166.4572,71.58,82,0,5.75,NC,1704727443
12,hermanus,-34.4187,19.2345,70.88,59,9,19.46,ZA,1704727443
13,ilulissat,69.2167,-51.1,15.82,67,75,14.97,GL,1704727444
14,yellowknife,62.456,-114.3525,-24.59,81,100,3.0,CA,1704727445
15,wailua homesteads,22.0669,-159.378,70.59,91,100,14.97,US,1704727257
16,adamstown,-25.066,-130.1015,73.98,82,100,12.5,PN,1704727446
17,invercargill,-46.4,168.35,57.02,92,100,1.99,NZ,1704727447
18,udachny,66.4167,112.4,-31.45,100,74,3.62,RU,1704727449
19,vorgashor,67.5833,63.95,-19.71,100,100,0.27,RU,1704727449
20,tiksi,71.6872,128.8694,-32.39,97,73,9.46,RU,1704727450
21,puerto natales,-51.7236,-72.4875,57.65,44,40,37.98,CL,1704727450
22,korla,41.7597,86.1469,23.13,70,51,2.26,CN,1704727456
23,polyarnyy,69.1989,33.4478,12.02,90,100,6.8,RU,1704727459
24,ketchikan,55.3422,-131.6461,37.38,100,100,0.0,US,1704727459
25,mil'kovo,55.6078,37.7956,5.05,83,8,9.17,RU,1704727460
26,acajutla,13.5928,-89.8275,83.28,49,12,1.39,SV,1704727461
27,chiredzi,-21.05,31.6667,93.18,40,0,5.75,ZW,1704727462
28,quellon,-43.1167,-73.6167,55.15,55,100,6.17,CL,1704727243
29,laguna,38.421,-121.4238,41.29,89,20,4.61,US,1704727477
30,kailua-kona,19.6406,-155.9956,71.6,78,40,5.75,US,1704727478
31,mejit,10.2753,170.8646,79.95,73,100,17.05,MH,1704727478
32,dakhla,23.6848,-15.958,69.82,52,39,14.97,EH,1704727479
33,greenbelt,39.0046,-76.8755,44.67,62,40,10.36,US,1704727479
34,domna,51.8971,113.1573,1.56,71,12,6.71,RU,1704727480
35,edinburgh of the seven seas,-37.0676,-12.3116,62.62,94,100,29.95,SH,1704727480
36,haiku-pauwela,20.9219,-156.3051,73.42,80,75,14.97,US,1704727480
37,greymouth,-42.4667,171.2,55.78,93,100,3.13,NZ,1704727481
38,lisakovsk,52.5369,62.4936,-6.38,89,5,10.51,KZ,1704727481
39,bridgewater,44.3835,-64.5155,28.02,78,100,19.57,CA,1704727742
40,constantia,44.1833,28.65,25.7,80,100,22.79,RO,1704727418
41,georgetown,5.4112,100.3354,80.53,91,40,3.44,MY,1704727180
42,blackmans bay,-43.0167,147.3167,57.33,76,100,6.96,AU,1704727186
43,waitangi,-43.9535,-176.5597,57.81,91,100,1.01,NZ,1704727483
44,whitehorse,60.7161,-135.0538,10.02,83,40,21.85,CA,1704727484
45,margaret river,-33.95,115.0667,62.64,82,92,15.95,AU,1704727484
46,san antonio de pale,-1.4014,5.6325,82.35,75,83,10.02,GQ,1704727485
47,camana,-16.6228,-72.7111,75.36,74,41,8.88,PE,1704727485
48,kavaratti,10.5669,72.642,82.44,76,39,4.97,IN,1704727486
49,kununurra,-15.7667,128.7333,84.18,84,100,5.75,AU,1704727486
50,bardai,11.65,7.2333,88.97,6,45,11.12,NG,1704727316
51,saint-lin-laurentides,45.8501,-73.7659,26.26,81,14,7.23,CA,1704727399
52,thinadhoo,0.5333,72.9333,83.03,72,70,12.08,MV,1704727488
53,petropavlovsk-kamchatsky,53.0452,158.6483,3.45,82,0,11.18,RU,1704727488
54,aldan,58.6031,125.3894,-15.39,97,100,6.85,RU,1704727489
55,ngaoundere,7.3167,13.5833,87.03,11,15,8.52,CM,1704727489
56,zhezqazghan,47.7833,67.7667,18.18,73,75,11.18,KZ,1704727490
57,walvis bay,-22.9575,14.5053,69.33,67,15,19.15,NA,1704727490
58,regina,50.4501,-104.6178,-5.69,81,40,4.61,CA,1704727204
59,khandyga,62.6667,135.6,-52.29,100,99,1.7,RU,1704727209
60,qulsary,46.9531,54.0198,25.99,56,7,14.52,KZ,1704727492
61,nieuw amsterdam,5.8833,-55.0833,87.82,58,40,11.5,SR,1704727492
62,hithadhoo,-0.6,73.0833,83.17,73,46,12.33,MV,1704727492
63,mili,6.0815,171.735,81.48,80,78,21.81,MH,1704727493
64,college,64.8569,-147.8028,20.07,82,100,4.61,US,1704727493
65,port alfred,-33.5906,26.891,68.18,96,100,1.99,ZA,1704727494
66,severo-yeniseyskiy,60.3725,93.0408,2.86,96,100,4.92,RU,1704727436
67,hotan,37.0997,79.9269,31.62,38,76,2.24,CN,1704727495
68,ouro preto do oeste,-10.7481,-62.2158,90.68,51,93,5.01,BR,1704727496
69,meizhou,24.2977,116.1072,60.15,74,29,1.86,CN,1704727496
70,qutqashen,40.9814,47.8458,44.8,36,18,4.68,AZ,1704727496
71,porangatu,-13.4408,-49.1486,71.8,98,100,3.09,BR,1704727497
72,kingston,17.997,-76.7936,82.2,65,20,6.91,JM,1704727294
73,rongelap,11.1635,166.8941,81.18,71,100,21.03,MH,1704727270
74,enewetak,11.3474,162.3373,81.05,69,100,19.46,MH,1704727500
75,longyearbyen,78.2186,15.6401,10.24,72,75,13.8,SJ,1704727501
76,mount gambier,-37.8333,140.7667,53.67,95,34,5.03,AU,1704727312
77,jamestown,42.097,-79.2353,38.79,93,100,5.75,US,1704727320
78,tralee,52.2704,-9.7026,39.45,75,75,11.5,IE,1704727502
79,port lincoln,-34.7333,135.8667,61.97,86,36,11.5,AU,1704727503
80,bredasdorp,-34.5322,20.0403,70.0,56,80,13.82,ZA,1704727504
81,bakchar,57.0186,82.0711,29.66,81,100,17.65,RU,1704727504
82,gadzhiyevo,69.2551,33.3362,10.71,91,100,6.96,RU,1704727254
83,toliara,-23.35,43.6667,83.84,74,13,10.49,MG,1704727505
84,ponta delgada,37.7333,-25.6667,65.19,82,20,6.91,PT,1704727487
85,lubang,13.8584,120.124,80.74,80,6,19.84,PH,1704727402
86,ribeira grande,38.5167,-28.7,63.0,72,40,13.8,PT,1704727250
87,playas,-2.6333,-80.3833,80.08,72,71,2.98,EC,1704727396
88,huinan,42.6225,126.2614,15.13,88,100,7.56,CN,1704727508
89,mezhdurechenskiy,59.6,65.9333,2.98,91,100,13.09,RU,1704727508
90,utrik,11.2278,169.8474,79.14,74,78,18.23,MH,1704727378
91,palmer,42.1584,-72.3287,33.15,71,20,6.91,US,1704727509
92,kanbe,16.7053,96.0017,77.05,48,0,6.11,MM,1704727510
93,berdigestyakh,62.0989,126.6992,-23.1,99,99,2.57,RU,1704727255
94,santa ana,33.7456,-117.8678,52.48,30,0,4.0,US,1704727223
95,kodiak,57.79,-152.4072,26.11,93,0,6.91,US,1704727324
96,ushuaia,-54.8,-68.3,49.62,81,100,9.22,AR,1704727513
97,puerto ayora,-0.7393,-90.3518,82.36,98,45,1.99,EC,1704727513
98,port elizabeth,-33.918,25.5701,69.31,82,100,6.91,ZA,1704727372
99,bellview,30.4616,-87.315,58.8,72,40,20.0,US,1704727514
100,ust-nera,64.5667,143.2,-43.53,99,97,4.03,RU,1704727515
101,san pedro,14.35,121.0167,81.63,83,40,8.01,PH,1704727488
102,ta`u,-14.2336,-169.5144,82.58,78,99,6.67,AS,1704727516
103,susuman,62.7833,148.1667,-44.01,99,97,1.01,RU,1704727330
104,vilyuysk,63.7553,121.6247,-27.0,97,98,4.0,RU,1704727307
105,thompson,55.7435,-97.8558,-36.24,74,40,0.0,CA,1704727518
106,newman,37.3138,-121.0208,35.58,83,1,1.01,US,1704727518
107,holualoa,19.6228,-155.9522,67.87,78,40,5.75,US,1704727440
108,tura,25.5198,90.2201,59.4,67,1,2.59,IN,1704727520
109,fort bragg,35.139,-79.006,44.46,62,0,8.05,US,1704727520
110,punta arenas,-53.15,-70.9167,55.51,50,75,24.16,CL,1704727309
111,klyuchi,52.2667,79.1667,20.21,74,53,23.94,RU,1704727521
112,porto novo,6.4965,2.6036,91.22,59,8,12.44,BJ,1704727522
113,alaghsas,17.0187,8.0168,85.89,10,0,8.05,NE,1704727522
114,lazaro cardenas,17.9583,-102.2,76.93,65,20,3.27,MX,1704727523
115,colonia menno,-22.3667,-59.8167,103.23,28,3,16.64,PY,1704727524
116,papatowai,-46.5619,169.4708,56.62,77,100,5.01,NZ,1704727525
117,san patricio,28.017,-97.5169,73.26,92,100,19.62,US,1704727227
118,talnakh,69.4865,88.3972,-14.26,96,100,9.4,RU,1704727526
119,flying fish cove,-10.4217,105.6791,78.48,94,100,4.61,CX,1704727526
120,arpacay,40.8487,43.3291,40.24,79,95,2.37,TR,1704727527
121,saipan,15.1355,145.701,79.5,89,40,10.36,MP,1704727527
122,san sebastian de la gomera,28.0916,-17.1133,74.37,64,0,6.91,ES,1704727528
123,balabac,7.9868,117.0645,81.54,81,67,11.68,PH,1704727464
124,new norfolk,-42.7826,147.0587,58.5,86,100,2.64,AU,1704727529
125,west island,-12.1568,96.8225,80.58,83,40,14.97,CC,1704727529
126,bilibino,68.0546,166.4372,-23.73,99,100,3.24,RU,1704727530
127,albany,42.6001,-73.9662,32.65,75,8,4.0,US,1704727530
128,saint-joseph,-21.3667,55.6167,79.18,77,100,9.51,RE,1704727531
129,hamilton,39.1834,-84.5333,39.15,84,75,8.05,US,1704727531
130,villa gesell,-37.2639,-56.973,82.06,56,2,9.37,AR,1704727532
131,toba,34.4833,136.85,33.8,63,36,13.6,JP,1704727532
132,capo d'orlando,38.1435,14.7305,55.42,78,100,16.89,IT,1704727533
133,yamada,39.4667,141.95,30.96,66,59,3.76,JP,1704727534
134,macapa,0.0389,-51.0664,82.15,78,98,7.72,BR,1704727534
135,vargashi,55.3556,65.8467,-5.91,93,100,16.87,RU,1704727535
136,rosarito,32.3333,-117.0333,40.66,46,0,6.62,MX,1704727535
137,qaqortoq,60.7167,-46.0333,39.33,63,68,12.03,GL,1704727536
138,tlahualilo de zaragoza,26.1167,-103.45,55.63,44,0,3.56,MX,1704727536
139,weno,7.4515,151.8468,82.35,71,100,23.02,FM,1704727537
140,bure,10.7,37.0667,68.76,41,88,6.96,ET,1704727537
141,glubokiy,48.5217,40.3258,19.51,94,100,17.02,RU,1704727538
142,simplicio mendes,-7.8539,-41.9103,94.87,36,77,4.54,BR,1704727538
143,pampierstad,-27.7832,24.6877,76.14,60,46,8.37,ZA,1704727539
144,ixtapa,20.7,-105.2,75.22,78,75,3.44,MX,1704727539
145,kapuskasing,49.4169,-82.4331,-5.71,84,75,4.61,CA,1704727540
146,lorengau,-2.0226,147.2712,81.46,78,52,5.28,PG,1704727540
147,tolanaro,-25.0319,46.9987,78.87,83,75,16.11,MG,1704727541
148,pimenta bueno,-11.6725,-61.1936,89.87,55,21,5.21,BR,1704727541
149,aldinga beach,-35.2793,138.4604,64.44,83,60,9.33,AU,1704727542
150,omutinskiy,56.4745,67.6709,0.88,91,100,17.92,RU,1704727542
151,urzhar,47.093,81.6294,31.15,99,100,2.91,KZ,1704727543
152,caleta de carquin,-11.0925,-77.6267,76.01,74,52,9.46,PE,1704727543
153,general pinedo,-27.3167,-61.2833,103.5,24,9,9.95,AR,1704727544
154,saint-louis,16.3333,-15.0,96.44,6,18,4.05,SN,1704727544
155,tizapan el alto,20.1667,-103.0667,55.45,77,55,2.95,MX,1704727545
156,tommot,58.9564,126.2925,-11.34,93,100,7.94,RU,1704727545
157,annaba,36.9,7.7667,49.96,81,40,13.8,DZ,1704727546
158,palmas,-10.2128,-48.3603,84.07,70,40,11.5,BR,1704727546
159,yuzhno-kurilsk,44.0306,145.8556,23.38,67,61,12.1,RU,1704727547
160,i-n-salah,27.1935,2.4607,72.19,14,0,7.23,DZ,1704727547
161,chernyshevskiy,63.0128,112.4714,-39.21,100,38,1.72,RU,1704727548
162,keflavik,64.0049,-22.5624,46.31,93,100,31.07,IS,1704727548
163,jishu,44.3167,126.8,6.84,99,100,4.36,CN,1704727549
164,olonkinbyen,70.9221,-8.7187,34.93,97,100,18.45,SJ,1704727549
165,salym,60.0625,71.4789,3.88,95,100,11.36,RU,1704727549
166,tazacorte,28.629,-17.9293,68.97,93,75,6.91,ES,1704727550
167,idri,27.5,13.2667,66.74,17,0,9.98,LY,1704727550
168,wynyard,-41.0,145.7167,58.33,87,94,5.73,AU,1704727551
169,sumbawanga,-7.9667,31.6167,66.54,89,79,2.89,TZ,1704727282
170,avarua,-21.2078,-159.775,77.05,94,75,10.36,CK,1704727552
171,cidreira,-30.1811,-50.2056,85.78,63,98,14.76,BR,1704727552
172,badger,64.8,-147.5333,19.98,87,100,4.61,US,1704727553
173,lihue,21.9789,-159.3672,71.19,89,100,14.97,US,1704727553
174,iqaluit,63.7506,-68.5145,-13.27,69,40,3.44,CA,1704727554
175,isafjordur,66.0755,-23.124,48.24,66,100,13.8,IS,1704727554
176,hammerfest,70.6634,23.6821,30.65,93,75,3.44,NO,1704727555
177,ballina,-28.8667,153.5667,73.78,93,100,8.5,AU,1704727555
178,fale old settlement,-9.3852,-171.2468,83.7,72,79,6.02,TK,1704727556
179,gamay,12.3854,125.2979,77.59,92,80,7.11,PH,1704727556
180,taoudenni,22.6783,-3.9836,83.86,15,0,6.58,ML,1704727556
181,metlili chaamba,32.2667,3.6333,59.94,20,0,11.5,DZ,1704727557
182,lebu,-37.6167,-73.65,62.6,67,0,15.57,CL,1704727558
183,segamat,2.5148,102.8158,74.89,97,100,3.83,MY,1704727558
184,zalesovo,53.9939,84.7431,32.97,96,100,21.61,RU,1704727559
185,pitimbu,-7.4706,-34.8086,90.19,62,11,12.48,BR,1704727559
186,gamba,-2.65,10.0,80.35,81,99,7.23,GA,1704727560
187,duminichi,53.9345,35.1099,1.22,97,6,3.29,RU,1704727560
188,tabou,4.423,-7.3528,83.21,74,38,7.25,CI,1704727561
189,piton saint-leu,-21.2196,55.3151,77.11,74,20,14.97,RE,1704727561
190,kaga bandoro,6.9896,19.1874,97.84,8,8,3.33,CF,1704727562
191,priyutnoye,46.1011,43.5072,32.0,69,100,17.72,RU,1704727562
192,west valley,46.5921,-120.6051,32.32,84,100,1.01,US,1704727563
193,port mathurin,-19.6833,63.4167,82.29,65,92,6.73,MU,1704727563
194,al mindak,20.1588,41.2834,62.2,33,1,6.55,SA,1704727520
195,guerrero negro,27.9769,-114.0611,53.56,54,25,6.64,MX,1704727564
196,touros,-5.1989,-35.4608,87.73,58,1,10.13,BR,1704727565
197,itanhem,-17.1664,-40.33,84.13,71,100,4.41,BR,1704727565
198,sisimiut,66.9395,-53.6735,11.32,84,100,11.65,GL,1704727566
199,stanley,54.868,-1.6985,35.78,80,75,5.75,GB,1704727566
200,east london,-33.0153,27.9116,70.74,88,20,6.91,ZA,1704727567
201,mollendo,-17.0231,-72.0147,74.39,75,27,8.68,PE,1704727567
202,funafuti,-8.5243,179.1942,84.2,89,40,0.0,TV,1704727568
203,remire-montjoly,4.9167,-52.2667,84.24,79,75,17.27,GF,1704727569
204,pemangkat,1.1667,108.9667,78.93,86,100,4.18,ID,1704727569
205,mandal,25.45,74.5667,66.58,64,94,7.78,IN,1704727570
206,namtsy,62.7161,129.6658,-56.15,100,91,2.57,RU,1704727570
207,carambei,-24.9178,-50.0972,87.3,36,15,6.51,BR,1704727571
208,naze,28.3667,129.4833,50.92,66,80,2.39,JP,1704727572
209,arraial do cabo,-22.9661,-42.0278,89.56,70,0,19.57,BR,1704727573
210,pueblo west,38.35,-104.7227,28.89,54,100,35.99,US,1704727573
211,iskateley,67.6803,53.1512,-3.98,100,65,8.01,RU,1704727574
212,monte maiz,-33.2046,-62.6008,84.72,55,3,2.44,AR,1704727574
213,coahuayana de hidalgo,18.7,-103.6583,73.92,75,1,2.46,MX,1704727575
214,wau,7.7029,27.9953,94.19,14,34,3.85,SS,1704727576
215,coxim,-18.5067,-54.76,99.63,34,2,8.37,BR,1704727441
216,tenenkou,14.4572,-4.9169,95.77,8,3,9.89,ML,1704727577
217,sakrand,26.1384,68.2736,65.95,27,4,8.12,PK,1704727577
218,abepura,-2.6333,140.5833,76.01,100,20,0.0,ID,1704727578
219,whakatane,-37.9585,176.9854,66.51,91,72,3.0,NZ,1704727578
220,achit,56.7985,57.8994,-5.22,96,100,8.93,RU,1704727579
221,opuwo,-18.0607,13.84,76.64,60,98,6.82,NA,1704727310
222,homestead meadows north,31.8496,-106.1729,33.28,43,0,34.52,US,1704727580
223,hami,42.8,93.45,22.86,63,6,5.41,CN,1704727581
224,alofi,-19.0595,-169.9187,75.09,94,89,3.44,NU,1704727581
225,mananjary,-21.2167,48.3333,80.08,81,100,6.4,MG,1704727582
226,punta de bombon,-17.1717,-71.7931,73.02,78,32,7.81,PE,1704727582
227,acarau,-2.8856,-40.12,87.91,57,98,14.18,BR,1704727583
228,gebeit,21.0667,36.3167,75.97,49,0,13.62,SD,1704727583
229,masuda,34.6667,131.85,38.17,75,84,7.45,JP,1704727584
230,fort st. john,56.2499,-120.8529,-14.91,76,40,10.36,CA,1704727585
231,upper grand lagoon,30.1633,-85.7408,49.08,70,100,8.99,US,1704727585
232,scottburgh,-30.2867,30.7532,71.26,85,100,10.98,ZA,1704727586
233,lethbridge,49.7,-112.8186,2.37,77,20,0.0,CA,1704727586
234,ouani,-12.1322,44.4258,80.78,82,100,8.43,KM,1704727587
235,garden city,42.3256,-83.331,37.81,78,75,6.91,US,1704727587
236,horta,38.5333,-28.6333,62.24,72,40,13.8,PT,1704727588
237,faya-largeau,17.9257,19.1043,87.69,6,0,16.11,TD,1704727588
238,la ronge,55.1001,-105.2842,-12.75,77,100,5.75,CA,1704727589
239,happy valley-goose bay,53.3168,-60.3315,14.31,67,75,17.27,CA,1704727590
240,tsiombe,-25.3,45.4833,78.44,81,32,17.05,MG,1704727590
241,cam ranh,11.9214,109.1591,76.96,83,40,11.5,VN,1704727469
242,hawaiian paradise park,19.5933,-154.9731,71.04,94,0,4.61,US,1704727591
243,jianshui,23.6363,102.8264,53.15,64,6,3.31,CN,1704727592
244,pratapgarh,24.0333,74.7833,68.31,65,57,7.72,IN,1704727592
245,luderitz,-26.6481,15.1594,72.86,59,2,32.35,NA,1704727434
246,tokar,18.4254,37.729,80.92,62,2,17.9,SD,1704727593
247,sao felix do xingu,-6.6447,-51.995,77.34,95,100,0.72,BR,1704727593
248,atafu village,-8.5421,-172.5159,84.07,68,25,6.8,TK,1704727594
249,san jose de jachal,-30.2406,-68.7469,84.42,35,13,14.29,AR,1704727594
250,kotabumi,-4.8333,104.9,76.86,95,100,2.57,ID,1704727595
251,inari,68.906,27.0288,17.8,97,100,3.8,FI,1704727595
252,santa elena de uairen,4.6167,-61.1333,81.01,44,87,3.4,VE,1704727596
253,lospalos,-8.5186,127.0025,76.48,88,100,2.33,TL,1704727596
254,okhotsk,59.3833,143.3,-27.11,83,70,10.02,RU,1704727382
255,limbe,4.0242,9.2149,85.3,66,1,12.01,CM,1704727597
256,yermolayevo,52.7167,55.8,-13.11,100,86,2.08,RU,1704727598
257,yung shue wan,22.2333,114.1167,67.75,79,100,1.99,HK,1704727598
258,nuuk,64.1835,-51.7216,23.61,74,75,20.71,GL,1704727351
259,island harbour,50.724,-1.2758,38.46,76,93,7.0,GB,1704727599
260,carolina beach,34.0352,-77.8936,47.07,67,100,1.99,US,1704727481
261,zeya,53.75,127.2667,-20.51,99,33,2.39,RU,1704727600
262,manaquiri,-3.3167,-60.35,90.09,47,100,5.06,BR,1704727601
263,bagula,23.3167,88.65,67.89,50,2,3.04,IN,1704727601
264,aasiaat,68.7098,-52.8699,10.4,85,100,11.65,GL,1704727602
265,bafoulabe,13.8065,-10.8321,99.28,7,1,3.58,ML,1704727446
266,gaspe,48.8334,-64.4819,23.22,58,40,12.66,CA,1704727603
267,ataq,14.5377,46.8319,65.73,29,63,14.99,YE,1704727603
268,nova londrina,-22.7658,-52.985,102.4,22,2,8.5,BR,1704727604
269,sao miguel do araguaia,-13.275,-50.1628,71.94,99,100,6.93,BR,1704727604
270,ceeldheer,3.8488,47.1806,78.33,65,48,25.72,SO,1704727605
271,diffa,13.3154,12.6113,86.14,8,4,12.06,NE,1704727605
272,belmonte,-15.8631,-38.8828,85.21,63,88,9.75,BR,1704727606
273,bandon,51.7469,-8.7425,38.79,70,54,14.63,IE,1704727606
274,turkmenbasy,40.0222,52.9552,48.97,87,100,11.5,TM,1704727607
275,yelan'-koleno,51.1523,41.2306,9.48,91,100,8.19,RU,1704727607
276,juruti,-2.1522,-56.0922,84.94,69,100,5.55,BR,1704727608
277,save,8.0425,2.486,102.27,12,50,2.98,BJ,1704727608
278,gulu,2.7746,32.299,88.72,26,67,2.3,UG,1704727609
279,sucua,-2.4667,-78.1667,74.14,83,100,2.3,EC,1704727609
280,lewin brzeski,50.7487,17.6169,22.73,50,10,10.25,PL,1704727610
281,pisco,-13.7,-76.2167,75.25,78,100,5.75,PE,1704727610
282,usogorsk,63.4106,48.6872,8.67,95,100,6.04,RU,1704727610
283,yasnyy,51.0333,59.8742,-6.99,95,5,8.72,RU,1704727611
284,axim,4.8699,-2.2405,85.35,69,27,9.28,GH,1704727611
285,umba,66.6871,34.3429,9.81,92,91,7.11,RU,1704727612
286,anadyr,64.75,177.4833,5.5,85,100,11.18,RU,1704727612
287,hoek van holland,51.9775,4.1333,32.02,73,68,8.01,NL,1704727613
288,thanh hoa,19.8,105.7667,69.28,92,6,2.73,VN,1704727613
289,revda,56.801,59.9303,-7.13,95,100,14.03,RU,1704727614
290,magdagachi,53.45,125.8,-6.43,78,62,7.52,RU,1704727614
291,hirara,24.8,125.2833,66.47,77,75,4.61,JP,1704727615
292,sungai penuh,-2.0833,101.3833,66.69,98,100,1.25,ID,1704727615
293,trincomalee,8.5711,81.2335,79.93,85,100,12.93,LK,1704727616
294,morogoro,-6.8167,37.6667,76.57,91,70,5.14,TZ,1704727616
295,laojunmiao,39.8333,97.7333,25.18,24,0,5.19,CN,1704727617
296,kwang binh,17.4833,106.6,70.16,90,9,7.0,VN,1704727617
297,fortaleza,-3.7227,-38.5247,87.93,70,40,10.36,BR,1704727618
298,vernon,50.2581,-119.2691,29.61,70,100,5.75,CA,1704727417
299,zaozersk,69.4005,32.4476,13.03,93,100,4.72,RU,1704727619
300,quepos,9.4236,-84.1652,83.75,54,100,0.78,CR,1704727619
301,nemuro,43.3236,145.575,26.11,62,71,11.23,JP,1704727620
302,prado,-17.3411,-39.2208,83.5,71,98,9.78,BR,1704727620
303,pagouda,9.7525,1.3278,95.52,7,4,6.26,TG,1704727621
304,mount pearl,47.5166,-52.7813,26.33,87,100,21.85,CA,1704727621
305,okahao,-17.885,15.0667,78.53,59,98,10.22,NA,1704727622
306,along,28.1667,94.7667,51.48,63,0,2.01,IN,1704727622
307,chegdomyn,51.1167,133.0167,-27.92,99,36,2.55,RU,1704727623
308,ouled mimoun,34.9047,-1.0339,59.02,21,2,11.14,DZ,1704727623
309,fortuna,40.5982,-124.1573,43.93,87,100,8.01,US,1704727624
310,tanout,14.9709,8.8879,85.66,7,24,12.62,NE,1704727624
311,chonchi,-42.6128,-73.8092,60.31,48,88,4.23,CL,1704727625
312,eyl,7.9803,49.8164,76.28,65,67,27.81,SO,1704727625
313,mana,5.6592,-53.7767,83.86,68,33,8.52,GF,1704727626
314,puerto francisco de orellana,-0.4667,-76.9667,77.05,88,75,2.3,EC,1704727626
315,chibougamau,49.9168,-74.3659,6.42,85,100,9.22,CA,1704727627
316,puerto baquerizo moreno,-0.9,-89.6,79.79,78,75,13.8,EC,1704727628
317,plastun,44.7561,136.2939,10.53,55,100,5.17,RU,1704727628
318,bismarck,46.8083,-100.7837,8.44,81,100,5.75,US,1704727484
319,siracusa,37.0881,15.2792,53.19,65,85,25.75,IT,1704727510
320,tamandare,-8.7597,-35.1047,88.41,57,9,13.47,BR,1704727630
321,varzelandia,-15.7014,-44.0275,75.13,80,100,6.93,BR,1704727630
322,debre birhan,9.6833,39.5333,56.35,55,66,7.83,ET,1704727631
323,nar'yan-mar,67.6713,53.087,-3.89,100,64,8.01,RU,1704727631
324,menongue,-14.6585,17.691,77.29,62,76,3.06,AO,1704727632
325,krivogashtani,41.3361,21.3331,41.02,95,100,2.13,MK,1704727632
326,lata,40.1629,-8.3327,48.07,58,100,3.18,PT,1704727633
327,tangi,34.3006,71.6536,46.4,27,100,1.34,PK,1704727633
328,kampong cham,11.9934,105.4635,80.31,58,26,0.56,KH,1704727634
329,al kharijah,25.4514,30.5464,73.51,17,4,10.13,EG,1704727635
330,sao vicente,-23.9631,-46.3919,97.27,57,0,7.0,BR,1704727635
331,cockburn town,21.4612,-71.1419,78.76,69,40,12.66,TC,1704727635
332,charters towers,-20.1,146.2667,76.41,86,94,5.41,AU,1704727636
333,inhambane,-23.865,35.3833,84.18,74,20,14.97,MZ,1704727637
334,al mishkhab,31.8042,44.4911,60.91,18,37,8.34,IQ,1704727640
335,maceio,-9.6658,-35.7353,94.44,40,40,11.5,BR,1704727642
336,castillos,-34.1667,-53.8333,78.1,59,45,6.82,UY,1704727643
337,kasson,44.03,-92.7507,25.86,93,100,10.36,US,1704727643
338,fisterra,42.9049,-9.2629,45.75,67,100,2.66,ES,1704727644
339,la'ie,21.6477,-157.9253,76.96,84,94,11.68,US,1704727644
340,sinabang,2.4803,96.3801,79.18,87,100,3.76,ID,1704727645
341,aykhal,66.0,111.5,-25.64,98,13,4.23,RU,1704727645
342,huangmei,30.1924,116.025,44.62,72,6,0.6,CN,1704727646
343,cromer,52.9312,1.2989,38.07,64,99,15.99,GB,1704727651
344,ulladulla,-35.35,150.4667,69.3,86,6,4.83,AU,1704727654
345,ikwiriri,-7.9562,38.9716,78.76,93,94,5.84,TZ,1704727655
346,carnarvon,-24.8667,113.6333,73.81,81,0,15.9,AU,1704727655
347,ancud,-41.8697,-73.8203,58.15,50,11,7.7,CL,1704727656
348,buka,40.8108,69.1986,49.35,72,81,3.29,UZ,1704727656
349,siwa oasis,29.2041,25.5195,61.72,23,100,3.69,EG,1704727657
350,ban na san,8.8004,99.3637,76.62,89,23,3.51,TH,1704727657
351,labuan,5.2767,115.2417,82.76,89,20,3.44,MY,1704727658
352,yemva,62.59,50.8594,11.07,94,100,7.85,RU,1704727658
353,osmaneli,40.3572,30.0142,56.84,66,33,4.16,TR,1704727659
354,ko pha ngan,9.7578,100.0291,77.68,77,49,9.55,TH,1704727659
355,nova vicosa,-17.8919,-39.3719,82.87,75,97,8.59,BR,1704727660
356,waingapu,-9.6567,120.2641,81.41,83,99,6.4,ID,1704727660
357,xianning,29.8833,114.2167,48.76,74,34,2.89,CN,1704727661
358,choyr,46.3611,108.3611,-2.33,92,17,5.17,MN,1704727661
359,constitucion,-35.3333,-72.4167,67.91,51,0,13.04,CL,1704727662
360,huangnihe,43.5583,128.0239,14.04,85,100,11.61,CN,1704727662
361,uturoa,-16.7333,-151.4333,80.51,80,53,14.25,PF,1704727663
362,al jawf,29.5,38.75,68.85,33,10,6.35,SA,1704727663
363,estevan,49.1334,-102.9842,5.34,78,100,2.3,CA,1704727664
364,inderbor,48.55,51.7833,15.64,56,89,14.07,KZ,1704727664
365,nova sintra,14.8667,-24.7167,70.7,66,87,16.37,CV,1704727665
366,bontang,0.1333,117.5,78.82,85,100,3.62,ID,1704727665
367,luau,-10.7073,22.2247,70.07,93,99,3.8,AO,1704727666
368,stephenville,32.2207,-98.2023,57.15,94,100,9.22,US,1704727666
369,reggane,26.7158,0.1714,75.31,16,0,6.6,DZ,1704727667
370,pekan,3.4836,103.3996,78.91,93,100,8.52,MY,1704727667
371,alo,7.4178,6.7371,100.27,20,8,4.65,NG,1704727667
372,paphos,34.7667,32.4167,64.18,68,20,2.3,CY,1704727668
373,san ignacio,17.1561,-89.0714,73.54,88,75,0.0,BZ,1704727668
374,el alto,-4.2714,-81.2147,82.06,63,82,7.43,PE,1704727669
375,kruisfontein,-34.0033,24.7314,65.88,73,100,9.15,ZA,1704727393
376,praia da vitoria,38.7333,-27.0667,64.76,63,20,10.63,PT,1704727670
377,karachi,24.9056,67.0822,69.62,46,0,9.22,PK,1704727670
378,gillette,44.2911,-105.5022,10.02,86,100,10.36,US,1704727671
379,pacific grove,36.6177,-121.9166,42.17,89,0,6.91,US,1704727600
380,sechura,-5.5569,-80.8222,80.55,58,64,8.61,PE,1704727672
381,leava,-14.3,-178.1667,82.42,79,100,9.86,WF,1704727672
382,val-d'or,48.1002,-77.7828,10.49,85,40,6.91,CA,1704727419
383,magtaking,15.9854,120.1832,77.05,79,10,6.15,PH,1704727673
384,carloforte,39.145,8.3058,52.41,68,100,32.68,IT,1704727673
385,sao joao da barra,-21.6403,-41.0511,91.49,80,98,10.07,BR,1704727674
386,taunggyi,20.7833,97.0333,51.62,59,1,2.01,MM,1704727674
387,portoferraio,42.8115,10.3146,54.52,67,77,24.63,IT,1704727675
388,san juan,-31.5375,-68.5364,83.95,37,7,20.33,AR,1704727605
389,srivardhan,18.0333,73.0167,77.27,77,7,3.89,IN,1704727676
390,dunedin,-45.8742,170.5036,54.81,91,100,4.0,NZ,1704727481
391,rio grande,-32.035,-52.0986,84.31,85,100,12.26,BR,1704727378
392,la passe,45.5549,-0.8967,35.83,61,6,11.52,FR,1704727681
393,qamdo,31.1667,97.2333,17.96,29,0,3.04,CN,1704727681
394,nuku'alofa,-21.1333,-175.2,79.14,94,75,6.91,TO,1704727681
395,lepsy,46.235,78.9456,38.07,90,100,12.8,KZ,1704727682
396,watampone,-4.5386,120.3279,76.82,90,98,5.64,ID,1704727682
397,greater sudbury,46.49,-80.99,22.17,77,79,5.06,CA,1704727449
398,saint-philippe,-21.3585,55.7679,80.19,79,97,8.84,RE,1704727684
399,jaffa,32.0504,34.7522,68.09,64,0,4.61,IL,1704727685
400,sayat,38.7839,63.8803,40.87,32,1,15.68,TM,1704727686
401,idfu,24.9803,32.8747,81.05,18,3,9.17,EG,1704727686
402,hasaki,35.7333,140.8333,28.8,29,7,1.54,JP,1704727687
403,glace bay,46.1969,-59.957,26.98,76,100,18.99,CA,1704727687
404,zaragoza,41.6561,-0.8773,50.02,49,20,23.02,ES,1704727411
405,manacapuru,-3.2997,-60.6206,90.54,54,100,3.87,BR,1704727694
406,bamnet narong,15.4992,101.6897,76.66,52,3,3.44,TH,1704727695
407,dapa,9.7594,126.0531,79.16,89,59,8.7,PH,1704727695
408,shubarshi,48.5872,57.1869,14.38,80,94,8.01,KZ,1704727696
409,gorontalo,0.5412,123.0595,75.92,95,56,3.49,ID,1704727696
410,tadine,-21.55,167.8833,76.95,87,90,8.52,NC,1704727696
411,auxerre,47.8,3.5667,30.63,60,100,12.46,FR,1704727697
412,oriximina,-1.7656,-55.8661,84.67,70,100,3.89,BR,1704727698
413,solikamsk,59.6196,56.7729,-13.79,100,100,3.83,RU,1704727698
414,champerico,14.3,-91.9167,84.74,68,3,4.92,GT,1704727699
415,kuta,-8.7233,115.1723,82.35,88,75,5.99,ID,1704727623
416,lagodekhi,41.8268,46.2767,54.5,41,33,3.98,GE,1704727700
417,mugia,43.1041,-9.2179,45.91,66,100,1.01,ES,1704727700
418,calliope,-24.0,151.2,80.44,78,40,5.75,AU,1704727701
419,pernik,42.6,23.0333,33.48,80,100,6.67,BG,1704727611
420,altamira,-3.2033,-52.2064,89.69,66,75,6.91,BR,1704727702
421,kenai,60.5544,-151.2583,24.89,99,0,6.91,US,1704727702
422,cabedelo,-6.9811,-34.8339,90.27,63,6,11.83,BR,1704727703
423,pangody,65.85,74.4859,-2.58,98,100,10.29,RU,1704727703
424,minab,27.1467,57.0801,71.53,25,0,4.09,IR,1704727704
425,broken hill,-31.95,141.4333,71.55,62,0,10.09,AU,1704727704
426,puerto deseado,-47.7503,-65.8938,62.83,38,5,10.89,AR,1704727705
427,bratsk,56.1325,101.6142,3.69,98,71,6.08,RU,1704727705
428,shippensburg,40.0507,-77.5203,40.55,83,15,8.08,US,1704727706
429,muroto-misakicho,33.2833,134.15,45.84,49,97,3.58,JP,1704727706
430,oban,56.4127,-5.4706,37.31,93,75,2.3,GB,1704727707
431,tumpat,6.1978,102.171,80.58,83,20,9.22,MY,1704727512
432,conduaga,8.862,117.4893,79.74,82,64,3.02,PH,1704727708
433,chinhoyi,-17.3667,30.2,75.09,77,98,1.34,ZW,1704727709
434,sucre,-19.0333,-65.2627,73.06,37,4,6.67,BO,1704727688
435,balestrate,38.0513,13.0072,55.0,76,75,29.93,IT,1704727710
436,karratha,-20.7377,116.8463,92.17,22,0,21.85,AU,1704727710
437,codrington,-38.2667,141.9667,59.76,84,97,8.59,AU,1704727710
438,howard springs,-12.497,131.047,80.51,95,100,4.76,AU,1704727711
439,yeppoon,-23.1333,150.7333,78.58,84,97,8.48,AU,1704727711
440,hadibu,12.65,54.0333,75.52,66,92,14.76,YE,1704727712
441,port-vila,-17.7338,168.3219,76.6,94,75,2.3,VU,1704727712
442,wauchope,-31.45,152.7333,72.97,93,100,2.24,AU,1704727713
443,at taj,24.2049,23.2857,73.33,16,53,5.5,LY,1704727713
444,as sulayyil,20.4607,45.5779,68.25,31,0,9.6,SA,1704727714
445,cabo san lucas,22.8909,-109.9124,67.75,58,20,10.36,MX,1704727714
446,basyayla,36.7534,32.6802,43.0,91,100,8.34,TR,1704727715
447,muynoq,43.7683,59.0214,41.97,62,100,9.24,UZ,1704727716
448,chulakkurgan,43.765,69.1814,39.96,64,100,14.12,KZ,1704727716
449,keren,15.7778,38.4581,69.39,53,6,8.19,ER,1704727717
450,benguela,-12.5763,13.4055,81.23,68,93,9.1,AO,1704727717
451,mill plain,45.6429,-122.494,41.76,95,100,3.0,US,1704727718
452,vila franca do campo,37.7167,-25.4333,64.89,99,79,9.57,PT,1704727718
453,emerald,-23.5333,148.1667,78.48,77,100,11.48,AU,1704727719
454,kismayo,-0.3582,42.5454,80.87,74,68,19.24,SO,1704727719
455,yichang,30.7144,111.2847,48.51,78,0,2.15,CN,1704727720
456,qarqaraly,49.4058,75.4742,20.53,82,97,24.47,KZ,1704727720
457,kourou,5.1552,-52.6478,84.25,76,22,9.66,GF,1704727721
458,margate,51.3813,1.3862,34.9,67,100,5.99,GB,1704727750
459,namibe,-15.1961,12.1522,77.67,71,60,12.95,AO,1704727723
460,lompoc,34.6391,-120.4579,43.92,79,0,4.0,US,1704727723
461,skelleftea,64.7507,20.9528,34.16,100,0,11.5,SE,1704727724
462,alice springs,-23.7,133.8833,83.21,41,44,5.99,AU,1704727724
463,grand falls-windsor,48.9332,-55.6649,24.51,76,84,5.01,CA,1704727725
464,emporia,38.4039,-96.1817,34.0,93,100,13.8,US,1704727671
465,saa,4.3667,11.45,94.55,22,33,0.74,CM,1704727726
466,minas de marcona,-15.2119,-75.1103,70.66,65,86,11.23,PE,1704727726
467,camabatela,-8.1881,15.375,73.98,67,100,6.29,AO,1704727726
468,wanning,18.8003,110.3967,70.88,90,40,2.66,CN,1704727727
469,griffith,41.5284,-87.4237,34.9,89,100,8.05,US,1704727565
470,wainwright,52.839,-110.8572,-3.53,96,7,6.06,CA,1704727728
471,martinopolis,-22.1458,-51.1708,97.92,26,0,7.27,BR,1704727617
472,smithers,54.7804,-127.1743,21.52,100,100,2.3,CA,1704727729
473,akrehamn,59.2667,5.1833,29.41,80,40,0.0,NO,1704727729
474,ibi,38.6253,-0.5723,53.46,36,6,15.82,ES,1704727730
475,norderney,53.7,7.15,32.99,71,83,22.64,DE,1704727730
476,fedorovskiy,45.0972,40.9517,43.34,84,100,10.45,RU,1704727731
477,glazunovka,52.4986,36.3275,-6.29,91,99,5.5,RU,1704727731
478,mahanoro,-19.9,48.8,80.56,79,58,4.27,MG,1704727732
479,vila velha,-20.3297,-40.2925,89.55,65,20,11.99,BR,1704727732
480,santander,43.4647,-3.8044,50.47,63,20,11.99,ES,1704727733
481,talara,-4.5772,-81.2719,84.96,58,0,19.57,PE,1704727733
482,kill devil hills,36.0307,-75.676,48.2,69,40,10.36,US,1704727734
483,nishinoomote,30.7333,131.0,52.79,67,100,14.63,JP,1704727734
484,luquillo,18.3725,-65.7166,84.42,73,0,10.36,PR,1704727735
485,kalamb,19.05,73.95,76.24,34,7,6.11,IN,1704727735
486,santiago,-33.4569,-70.6483,82.29,39,0,6.91,CL,1704727548
487,mariinsk,56.2139,87.7472,34.0,91,100,16.84,RU,1704727736
488,plouzane,48.3833,-4.6167,41.18,73,75,10.36,FR,1704727737
489,tupiza,-21.45,-65.7167,75.65,26,1,4.47,BO,1704727737
490,lebanon,36.2081,-86.2911,39.96,90,0,4.0,US,1704727614
491,macedo de cavaleiros,41.5382,-6.9611,43.27,59,100,2.98,PT,1704727738
492,tromso,69.6496,18.957,33.82,93,100,19.57,NO,1704727739
493,crane,31.3974,-102.3501,41.45,30,25,24.83,US,1704727739
494,robertsport,6.7533,-11.3686,84.88,70,43,11.41,LR,1704727740
495,antofagasta,-23.65,-70.4,74.48,65,10,8.86,CL,1704727740
496,tataouine,32.9297,10.4518,54.48,42,0,22.37,TN,1704727741
497,thunder bay,48.4001,-89.3168,1.38,78,75,4.61,CA,1704727741
498,tomatlan,19.9333,-105.25,71.06,84,98,1.86,MX,1704727741
499,port alberni,49.2413,-124.8028,37.24,95,100,2.26,CA,1704727742
500,semirom,31.4167,51.5667,38.25,18,92,3.85,IR,1704727743
501,mwene-ditu,-7.0,23.45,74.26,86,99,2.93,CD,1704727743
502,iskushuban,10.2837,50.23,74.95,36,70,17.6,SO,1704727744
503,lijiang,26.8688,100.2207,34.56,59,0,3.8,CN,1704727744
504,ramadi,33.4226,43.3058,60.51,34,81,8.7,IQ,1704727744
505,ocos,14.5094,-92.1933,80.78,69,3,4.79,GT,1704727745
506,bikenibeu village,1.3673,173.1241,82.36,94,75,5.75,KI,1704727745
507,tingo maria,-9.2895,-76.0088,77.31,83,75,1.14,PE,1704727746
508,vellanur,13.1544,80.0992,80.42,83,75,6.91,IN,1704727746
509,ritchie,-29.038,24.6028,74.41,56,100,11.72,ZA,1704727747
510,whangarei,-35.7317,174.3239,57.06,96,7,0.58,NZ,1704727748
511,cururupu,-1.8283,-44.8683,87.98,56,100,8.08,BR,1704727748
512,antsiranana,-12.2787,49.2917,83.16,78,40,0.0,MG,1704727749
513,kudahuvadhoo,2.6708,72.8944,82.71,74,100,11.18,MV,1704727749
514,roma,43.2128,-75.4557,33.82,95,69,1.01,US,1704727723
515,monroe,43.1501,-77.6831,36.7,90,100,6.91,US,1704727674
516,kayangel,8.0823,134.7173,83.14,80,90,20.71,PW,1704727751
517,north bend,43.4065,-124.2243,43.86,93,100,8.05,US,1704727751
518,tocoa,15.6833,-86.0,82.02,59,3,2.19,HN,1704727752
519,wurtulla,-26.7568,153.1256,77.05,100,100,4.38,AU,1704727752
520,murun-kuren,49.6342,100.1625,-3.26,96,12,1.57,MN,1704727753
521,bobo-dioulasso,11.1771,-4.2979,95.45,11,0,6.91,BF,1704727753
522,nguigmi,14.2495,13.1092,82.87,14,2,4.43,NE,1704727754
523,richards bay,-28.783,32.0377,76.33,80,98,11.52,ZA,1704727754
524,curuzu cuatia,-29.7917,-58.0546,74.7,90,100,8.28,AR,1704727755
525,auki,-8.7676,160.7034,78.62,88,23,2.77,SB,1704727755
526,port augusta,-32.5,137.7667,68.43,73,0,13.62,AU,1704727756
527,changli,39.7042,119.1506,27.88,55,100,4.38,CN,1704727756
528,chulym,55.0997,80.9572,20.97,86,92,23.35,RU,1704727757
529,yurty,56.0498,97.6348,6.35,92,100,5.28,RU,1704727757
530,primorsk,46.7348,36.3443,28.74,90,100,22.01,UA,1704727758
531,el casar,38.5309,-5.9251,49.98,45,100,2.68,ES,1704727758
532,salinopolis,-0.6136,-47.3561,81.81,82,95,11.3,BR,1704727759
533,taylorville,39.5489,-89.2945,34.9,81,0,12.66,US,1704727760
534,acapulco de juarez,16.8634,-99.8901,76.82,78,20,4.61,MX,1704727639
535,pontes e lacerda,-15.2261,-59.3353,92.89,47,73,8.16,BR,1704727490
536,al ghayzah,16.2079,52.176,75.29,37,66,5.41,YE,1704727761
537,cafayate,-26.073,-65.9761,82.29,54,16,8.28,AR,1704727762
538,patong,7.8961,98.2966,80.74,80,8,16.46,TH,1704727762
539,datong,40.0936,113.2914,17.13,87,100,2.89,CN,1704727763
540,vadso,70.0744,29.7487,19.56,86,40,4.61,NO,1704727763
541,aktau,43.65,51.2,36.18,79,100,19.3,KZ,1704727764
542,yatou,37.15,122.3833,38.62,87,21,6.24,CN,1704727764
543,dembi dolo,8.5333,34.8,72.93,40,58,4.03,ET,1704727765
544,kasempa,-13.4584,25.8338,75.51,80,63,3.36,ZM,1704727765
545,tefe,-3.3542,-64.7114,87.91,66,40,8.05,BR,1704727766
546,belaya glina,46.07,40.86,38.71,94,100,11.45,RU,1704727766
547,ilha solteira,-20.4328,-51.3425,97.92,29,1,7.83,BR,1704727767
548,grande prairie,55.1667,-118.8027,-12.82,84,20,2.3,CA,1704727520
549,ocean city,39.2776,-74.5746,44.02,75,6,7.0,US,1704727768
550,sanga-sanga,5.0725,119.7853,81.93,74,98,2.28,PH,1704727769
551,lethem,3.3803,-59.7968,91.08,34,59,13.44,GY,1704727769
552,yaren,-0.5472,166.916,83.05,77,67,7.67,NR,1704727776
553,takab,36.4009,47.1133,37.31,30,51,4.0,IR,1704727776
554,lerwick,60.1545,-1.1494,41.0,63,100,5.82,GB,1704727776
555,shahrud,36.4182,54.9763,41.85,44,98,5.44,IR,1704727777
556,arroio grande,-32.2375,-53.0869,77.56,78,100,8.25,BR,1704727778
